{
    "name": "root",
    "gauges": {
        "DogBrain.Policy.Entropy.mean": {
            "value": 1.421757698059082,
            "min": 1.418142557144165,
            "max": 1.421757698059082,
            "count": 85
        },
        "DogBrain.Environment.EpisodeLength.mean": {
            "value": 385.2,
            "min": 170.0,
            "max": 999.0,
            "count": 84
        },
        "DogBrain.Policy.ExtrinsicValueEstimate.mean": {
            "value": 0.6170255541801453,
            "min": -0.04510480538010597,
            "max": 0.6170255541801453,
            "count": 85
        },
        "DogBrain.Environment.CumulativeReward.mean": {
            "value": 2.3785728216171265,
            "min": 0.021669482191403706,
            "max": 3.53265643119812,
            "count": 85
        },
        "DogBrain.Policy.ExtrinsicReward.mean": {
            "value": 2.3785728216171265,
            "min": 0.021669482191403706,
            "max": 3.53265643119812,
            "count": 85
        },
        "DogBrain.IsTraining.mean": {
            "value": 1.0,
            "min": 1.0,
            "max": 1.0,
            "count": 85
        },
        "DogBrain.Losses.ValueLoss.mean": {
            "value": 0.018938953056931496,
            "min": 0.014887816272675991,
            "max": 0.029458370059728622,
            "count": 12
        },
        "DogBrain.Losses.PolicyLoss.mean": {
            "value": 0.02267191931605339,
            "min": 0.017471937462687492,
            "max": 0.025395838543772697,
            "count": 12
        },
        "DogBrain.Policy.LearningRate.mean": {
            "value": 0.0002623986511025578,
            "min": 0.0002623986511025578,
            "max": 0.0002968930348288268,
            "count": 12
        },
        "DogBrain.Policy.Epsilon.mean": {
            "value": 0.18746618926525116,
            "min": 0.18746618926525116,
            "max": 0.19896431267261505,
            "count": 12
        },
        "DogBrain.Policy.Beta.mean": {
            "value": 0.004374563228338957,
            "min": 0.004374563228338957,
            "max": 0.004948320332914591,
            "count": 12
        }
    },
    "metadata": {
        "timer_format_version": "0.1.0",
        "start_time_seconds": "1654425602",
        "python_version": "3.6.13 |Anaconda, Inc.| (default, Mar 16 2021, 11:37:27) [MSC v.1916 64 bit (AMD64)]",
        "command_line_arguments": "C:\\Users\\nakat\\anaconda3\\envs\\ml-agents\\Scripts\\mlagents-learn ./config/DogBrain.yaml --run-id=DogBrain-ppo-1--env=DogBrain2",
        "mlagents_version": "0.17.0",
        "mlagents_envs_version": "0.17.0",
        "communication_protocol_version": "1.0.0",
        "tensorflow_version": "2.4.1",
        "end_time_seconds": "1654426072"
    },
    "total": 469.3295217,
    "count": 1,
    "self": 0.052164999999945394,
    "children": {
        "run_training.setup": {
            "total": 0.1421293,
            "count": 1,
            "self": 0.1421293
        },
        "TrainerController.start_learning": {
            "total": 469.1352274,
            "count": 1,
            "self": 26.776912499998673,
            "children": {
                "TrainerController._reset_env": {
                    "total": 61.08858609999999,
                    "count": 1,
                    "self": 61.08858609999999
                },
                "TrainerController.advance": {
                    "total": 379.9175894000014,
                    "count": 16609,
                    "self": 0.5127322000043932,
                    "children": {
                        "env_step": {
                            "total": 379.404857199997,
                            "count": 16609,
                            "self": 332.702171099991,
                            "children": {
                                "SubprocessEnvManager._take_step": {
                                    "total": 46.14899210000155,
                                    "count": 16609,
                                    "self": 1.5998520000026417,
                                    "children": {
                                        "NNPolicy.evaluate": {
                                            "total": 44.54914009999891,
                                            "count": 16304,
                                            "self": 44.54914009999891
                                        }
                                    }
                                },
                                "workers": {
                                    "total": 0.5536940000044552,
                                    "count": 16608,
                                    "self": 0.0,
                                    "children": {
                                        "worker_root": {
                                            "total": 404.96690589999565,
                                            "count": 16608,
                                            "is_parallel": true,
                                            "self": 169.0678881999975,
                                            "children": {
                                                "steps_from_proto": {
                                                    "total": 0.0009544000000000001,
                                                    "count": 1,
                                                    "is_parallel": true,
                                                    "self": 0.00031150000000000004,
                                                    "children": {
                                                        "_process_vector_observation": {
                                                            "total": 0.0006429000000000001,
                                                            "count": 2,
                                                            "is_parallel": true,
                                                            "self": 0.0006429000000000001
                                                        }
                                                    }
                                                },
                                                "UnityEnvironment.step": {
                                                    "total": 235.89806329999814,
                                                    "count": 16608,
                                                    "is_parallel": true,
                                                    "self": 5.6482672999947,
                                                    "children": {
                                                        "UnityEnvironment._generate_step_input": {
                                                            "total": 10.17517080000022,
                                                            "count": 16608,
                                                            "is_parallel": true,
                                                            "self": 10.17517080000022
                                                        },
                                                        "communicator.exchange": {
                                                            "total": 200.95791750000183,
                                                            "count": 16608,
                                                            "is_parallel": true,
                                                            "self": 200.95791750000183
                                                        },
                                                        "steps_from_proto": {
                                                            "total": 19.116707700001392,
                                                            "count": 16608,
                                                            "is_parallel": true,